windowX,-2162
windowY,165.33333333333331
windowWidth,1210
windowHeight,696.6666666666666
