windowX,-1728
windowY,198
windowWidth,1555.3333333333333
windowHeight,696.6666666666666
