windowX,-2020
windowY,42.666666666666664
windowWidth,1128
windowHeight,696.6666666666666
